"countopioid","abandon_cars","dead_animals","graffiti","pothole","street_cleaning","trash","NEIGH","Longitude","Latitude"
7,0,1,0,11,0,6,"Sayler Park",-84.7065522066445,39.1292043964869
0,0,4,0,2,0,3,"Sayler Park",-84.7034627368206,39.1254037857742
3,0,3,0,26,1,15,"Sayler Park",-84.7003736098556,39.1216030748901
7,2,2,0,5,2,11,"Sayler Park",-84.6972848251993,39.1178022639905
0,0,0,0,5,0,3,"Sayler Park",-84.6976923415024,39.1255872256756
21,0,5,1,17,5,7,"Sayler Park",-84.6941963830937,39.114001353265
0,0,0,0,1,0,4,"Sayler Park",-84.6946035043068,39.1217863470056
13,0,1,1,7,3,13,"Sayler Park",-84.6911082833261,39.1102003424553
2,1,0,0,4,0,13,"Sayler Park",-84.6915150096827,39.1179853684448
21,0,1,0,3,2,16,"Sayler Park",-84.6880205257165,39.1063992318122
4,1,3,0,11,1,12,"Sayler Park",-84.6884268573583,39.1141842900015
1,0,0,0,1,0,0,"Sayler Park",-84.6849331104628,39.1025980212496
24,3,1,0,3,1,28,"Sayler Park",-84.6853390473772,39.1103831116512
5,3,1,0,3,3,23,"Sayler Park",-84.682251579692,39.1065818333146
0,0,0,0,0,0,3,"Sayler Park",-84.6826572792149,39.1143669419666
0,0,0,0,5,5,2,"Sayler Park",-84.6791644542129,39.1027804552358
0,0,0,0,0,0,5,"Sayler Park",-84.6795697591164,39.1105655959226
1,0,0,0,3,0,1,"Riverside - Sayler Park",-84.6760776707812,39.0989789772677
1,0,2,1,4,0,0,"Riverside",-84.6703092519024,39.0991609592448
0,30,3,0,3,1,0,"Riverside",-84.6556866857904,39.0957219888435
0,0,0,0,2,1,7,"Riverside",-84.6499184007813,39.0959029493314
0,0,0,0,3,0,0,"Riverside",-84.6468334605076,39.0921006025206
0,0,1,0,6,0,0,"Riverside",-84.6437488618293,39.0882981561938
0,0,4,0,3,0,0,"Riverside",-84.6406646049792,39.0844956103808
0,0,0,0,1,0,0,"Riverside",-84.6375806896047,39.0806929649322
1,0,0,0,0,1,0,"Riverside",-84.6379811047477,39.0884784975155
0,0,0,0,3,0,1,"Riverside",-84.6348971376421,39.0846757844991
4,1,0,0,18,1,0,"Riverside",-84.6318135123713,39.0808729720519
12,1,2,0,16,0,1,"Riverside",-84.6287302282646,39.0770700600889
11,0,2,0,29,5,9,"Riverside",-84.6229632890009,39.0772496155586
6,0,0,0,0,0,5,"Riverside",-84.6202790027947,39.0812321323824
4,0,10,0,5,0,0,"Riverside",-84.617196298596,39.0774288864354
13,0,1,1,17,2,17,"Westwood",-84.620785005626,39.147499803806
1,0,0,0,0,0,0,"Riverside",-84.6141139356592,39.0736255411504
10,0,3,0,8,2,18,"Westwood",-84.6173001337547,39.1359111095748
23,3,1,1,12,3,30,"Westwood",-84.6176991029623,39.1436967433647
1,0,5,0,8,1,1,"Riverside",-84.6114292566598,39.0776078727544
7,0,3,0,0,1,27,"West Price Hill",-84.6134182793489,39.11653654573
7,0,1,0,2,1,9,"Westwood",-84.614214967365,39.1321079181022
23,0,8,0,36,1,25,"Westwood",-84.6146135427748,39.1398935834291
48,5,4,0,16,6,34,"Westwood",-84.6150122725025,39.1476792350246
0,0,0,0,0,0,0,"Riverside",-84.6083471836521,39.0738043605964
2,1,0,0,1,3,44,"West Price Hill",-84.6103342419903,39.1127331915195
23,1,3,2,20,1,19,"Westwood",-84.6115283248824,39.1360903239585
17,3,4,0,18,2,36,"Westwood",-84.6119266607239,39.14387600727
1,10,3,0,8,5,19,"Riverside",-84.605662163472,39.0777865745872
2,0,2,0,1,1,0,"West Price Hill",-84.6072505464946,39.1089297378937
11,3,1,3,10,1,16,"Westwood",-84.6084434492006,39.132286965179
30,2,10,0,8,7,41,"Westwood",-84.6088413914038,39.1400726800662
24,6,8,0,12,5,25,"Westwood",-84.6092394877981,39.1478583809268
0,0,0,0,0,0,3,"Riverside",-84.6029768532695,39.0817687386003
0,0,0,0,0,0,0,"West Price Hill",-84.6041671927192,39.1051261850497
20,6,5,0,9,0,28,"West Price Hill",-84.6045642799492,39.1129119727848
11,1,4,1,4,4,30,"West Price Hill",-84.6049615209448,39.1206977468792
26,2,2,4,18,2,8,"Westwood",-84.6053589157292,39.1284835070285
29,0,9,2,23,1,24,"Westwood",-84.6057564644718,39.1362692534112
5,0,2,0,1,2,13,"Westwood",-84.6061541673097,39.1440549859646
12,1,0,0,2,0,18,"Westwood",-84.6065520241658,39.1518407045137
2,0,3,0,0,3,14,"Riverside",-84.5998950189523,39.0779649918279
27,0,4,0,18,2,7,"West Price Hill",-84.6014808748911,39.1091083521468
11,0,2,0,4,1,21,"West Price Hill",-84.6018777227472,39.1168941576627
25,2,3,5,39,1,14,"West Price Hill",-84.6022747244077,39.1246799494164
8,2,6,1,11,1,33,"Westwood",-84.6026718797471,39.1324657272882
10,0,10,0,12,2,17,"Westwood",-84.6030691889484,39.1402514913478
12,2,13,6,18,5,19,"Westwood",-84.6034666520062,39.1480372417302
12,3,7,0,17,1,15,"West Price Hill",-84.5983978117332,39.1053046322256
11,0,6,0,14,4,18,"West Price Hill",-84.5987942665459,39.1130904692059
26,3,5,5,28,1,25,"West Price Hill",-84.599190875061,39.1208762924744
34,0,0,0,19,0,8,"Westwood",-84.5995876371169,39.1286621019198
6,1,5,7,27,1,20,"Westwood",-84.5999845528207,39.1364478976365
0,0,4,0,9,4,7,"Westwood",-84.600381622131,39.1442336794071
18,3,6,4,1,5,21,"Westwood",-84.600778845427,39.1520194474253
22,0,5,0,1,1,8,"Westwood",-84.6011762226095,39.1598052015025
9,0,5,0,6,2,2,"Riverside",-84.5941278236267,39.0781431245475
9,1,7,2,9,1,10,"West Price Hill",-84.595315090002,39.1015008128935
59,4,4,0,11,5,68,"West Price Hill",-84.595711152161,39.1092866816836
26,8,6,2,66,2,35,"West Price Hill",-84.5961073675608,39.1170725362291
12,5,4,0,3,0,25,"West Price Hill",-84.5965037364253,39.1248583772238
8,1,1,0,5,0,14,"Westwood",-84.5969002588764,39.1326442042473
2,0,6,0,5,3,12,"Westwood",-84.597296934852,39.140430017625
21,7,9,2,28,6,16,"Westwood",-84.5976937645598,39.1482158171326
10,0,3,0,4,2,27,"Westwood",-84.5980907480563,39.1560016028646
7,7,3,0,8,4,24,"Riverside",-84.5914418307811,39.0821250530924
9,43,5,1,24,2,35,"West Price Hill",-84.5926283792805,39.1054827945215
43,16,5,0,23,2,41,"West Price Hill",-84.5930242020417,39.1132686806374
8,0,4,0,1,1,25,"West Price Hill",-84.59342017794,39.1210545531801
15,0,0,0,1,0,0,"Westwood",-84.5938163071479,39.1288404117198
5,0,3,0,2,2,6,"Westwood",-84.5942125899123,39.1366262566541
31,1,8,0,4,3,20,"Westwood",-84.5946090260296,39.1444120875911
7,3,0,0,2,3,27,"Westwood",-84.5950056158098,39.1521979047512
4,0,2,0,0,0,4,"Westwood",-84.5954023591819,39.1599837081516
12,8,2,0,10,5,47,"West Price Hill",-84.5899413783402,39.1094647260756
3,1,0,1,8,0,4,"West Price Hill",-84.5903369612495,39.11725062987
2,1,0,0,0,0,1,"Westwood",-84.5907326974556,39.1250365200304
23,5,1,0,21,2,37,"Westwood",-84.5911285868979,39.1328223961831
10,1,7,0,24,2,7,"Westwood",-84.5915246298655,39.1406082588118
18,3,6,0,22,3,31,"Westwood",-84.591920826063,39.1483941073373
6,0,1,0,1,0,6,"Westwood",-84.5923171757529,39.1561799422521
0,0,1,0,0,0,0,"Westwood",-84.5927136788742,39.1639657633908
15,6,9,0,10,4,12,"Riverside",-84.585674243066,39.0823027835209
35,2,4,0,17,8,46,"West Price Hill",-84.5868588962199,39.1056606720591
46,11,16,2,31,9,53,"West Price Hill",-84.5872540864584,39.1134466074155
0,0,1,0,3,1,1,"Westwood",-84.5876494296358,39.1212325287845
5,0,0,0,9,4,12,"Westwood",-84.5880449262156,39.1290184365526
3,1,2,0,2,1,6,"Westwood",-84.5884405757593,39.1368043303807
7,5,1,0,0,6,10,"Westwood",-84.5888363787717,39.1445902105693
15,2,10,0,32,1,24,"Westwood",-84.589232334812,39.1523760768596
0,0,0,0,0,0,0,"Westwood",-84.5896284442712,39.1601619294791
12,7,3,0,1,1,10,"Riverside",-84.5829876188356,39.0862845442628
43,7,10,0,10,10,71,"West Price Hill",-84.5841715531697,39.1096424856248
38,2,3,6,12,18,32,"West Price Hill",-84.5845665038824,39.1174284386015
1,0,0,0,1,7,0,"Westwood",-84.5849616073668,39.1252143776635
14,1,1,0,13,0,13,"Westwood",-84.5853568639875,39.1330003030309
29,6,13,0,4,4,47,"Westwood",-84.585752273462,39.1407862145389
4,0,5,0,0,1,28,"Westwood",-84.5861478363632,39.148572112336
1,0,0,0,0,0,0,"Westwood",-84.5865435523183,39.1563579962687
0,0,0,0,0,0,0,"Westwood",-84.5869394217405,39.1641438664568
1,0,0,0,0,0,0,"Riverside",-84.579906604338,39.0824802292691
0,0,0,0,0,0,0,"Sedamsville",-84.5803007041016,39.0902662550018
38,0,12,0,11,8,31,"West Price Hill",-84.5810893618025,39.1058382648447
94,1,14,0,28,10,15,"West Price Hill",-84.5814839197413,39.1136242490727
35,12,6,2,12,12,33,"West Price Hill",-84.5818786305182,39.121410219581
1,1,1,0,16,0,7,"Westwood",-84.5822734941382,39.1291961762588
1,0,1,0,1,0,8,"Westwood",-84.5826685106158,39.1369821192646
26,7,3,1,1,20,35,"Westwood",-84.5830636801611,39.144768048379
13,1,4,0,14,4,32,"Westwood",-84.5834590028381,39.1525539637629
0,0,0,0,0,0,0,"Westwood",-84.5838544785306,39.1603398653165
6,0,7,0,4,2,8,"Riverside",-84.5772196388422,39.0864618722222
1,0,4,0,2,0,5,"Sedamsville",-84.5776134992013,39.0942479153123
1,0,0,0,0,0,0,"East Price Hill",-84.5780075119768,39.10203394472
25,7,12,0,14,19,59,"West Price Hill",-84.5784016773935,39.1098199604125
47,22,14,2,6,13,77,"West Price Hill",-84.5787959954749,39.1176059621366
6,4,0,0,5,4,10,"West Price Hill",-84.5791904662704,39.1253919503271
1,2,0,1,4,0,22,"Westwood",-84.5795850897679,39.1331779246574
34,8,13,2,8,16,16,"Westwood",-84.5799798661966,39.1409638851683
4,0,9,0,0,3,24,"Westwood",-84.5803747954481,39.1487498319009
2,5,7,0,25,2,21,"Westwood",-84.5807698778935,39.1565357649738
0,0,0,0,0,0,0,"Westwood",-84.5811651132489,39.1643216840942
1,0,2,0,5,0,0,"Mount Airy - Westwood",-84.5815605017002,39.1721075895221
0,0,0,0,0,0,0,"Riverside - Sedamsville",-84.5741389147533,39.0826573903614
5,10,2,0,14,5,10,"Sedamsville",-84.5745323831002,39.0904434649667
0,4,0,0,0,0,2,"East Price Hill",-84.5749260036315,39.098229525535
9,3,4,2,6,7,10,"East Price Hill",-84.5753197766564,39.1060155726738
128,23,7,1,10,25,62,"East Price Hill",-84.5757137022338,39.1138016057655
29,42,2,0,2,6,36,"West Price Hill",-84.5761077803208,39.1215876252857
10,0,3,0,9,5,3,"South Fairmount - Westwood",-84.5765020108923,39.1293736308684
34,5,13,1,6,5,50,"Westwood",-84.5768963944428,39.1371596227975
16,4,3,0,4,4,11,"Westwood",-84.5772909305637,39.144945600891
3,0,1,0,3,0,26,"Westwood",-84.5776856195595,39.1527315651906
0,0,0,0,0,0,0,"Westwood",-84.5780804615271,39.1605175157954
2,0,0,0,1,0,0,"Mount Airy - Westwood",-84.5784754563619,39.1683034525707
0,0,0,0,9,0,4,"Mount Airy",-84.5792659052777,39.1838752847725
2,0,8,0,13,1,13,"Mount Airy",-84.5796613594457,39.1916611801755
6,1,3,0,9,0,15,"Mount Airy",-84.5800569667386,39.1994470619024
6,2,1,0,5,4,4,"Riverside - Sedamsville",-84.5714516080835,39.0866389154715
10,0,5,0,10,8,9,"Sedamsville",-84.5718448366696,39.0944250075615
4,0,2,0,4,2,3,"East Price Hill",-84.5722382174037,39.1022110856908
143,3,8,3,18,15,44,"East Price Hill",-84.5726317507058,39.1099971502296
35,27,10,1,6,24,83,"East Price Hill",-84.5730254361634,39.1177832008991
35,1,5,0,1,2,0,"West Price Hill",-84.5734192742207,39.1255692380297
19,6,4,0,10,10,44,"South Fairmount - Westwood",-84.5738132647707,39.1333552611032
3,1,2,0,11,2,64,"Westwood",-84.5742074079259,39.14114127062
1,0,0,0,10,3,16,"Westwood",-84.5746017037967,39.1489272662885
8,2,3,0,10,1,5,"Westwood",-84.5749961522577,39.1567132481931
1,0,0,0,0,0,0,"Mount Airy - Westwood",-84.5753907537123,39.1644992163756
0,0,0,0,0,0,0,"Mount Airy",-84.5757855080064,39.1722851707233
6,5,4,1,40,1,14,"Mount Airy",-84.5765754753134,39.1878570380958
1,2,5,0,9,0,19,"Mount Airy",-84.5769706884927,39.1956429512021
20,2,1,0,14,6,54,"Mount Airy",-84.5773660548396,39.2034288503451
23,6,6,3,13,8,20,"Sedamsville",-84.5687640110036,39.0906203901941
10,1,4,0,4,9,22,"East Price Hill",-84.5691569997073,39.0984064997299
74,3,15,7,32,37,60,"East Price Hill",-84.5695501406623,39.1061925955682
45,4,11,1,6,18,47,"East Price Hill",-84.5699434336625,39.1139786775804
16,4,3,0,2,3,5,"West Price Hill",-84.5703368791784,39.1217647458855
18,0,1,0,6,1,13,"South Fairmount - Westwood",-84.570730477091,39.1295508003567
5,15,2,0,15,5,18,"Westwood",-84.5711242272909,39.1373368412066
9,3,6,2,22,8,23,"Westwood",-84.5715181301579,39.145122868191
3,0,0,0,1,0,0,"Westwood",-84.5719121856145,39.1529088814253
1,0,0,0,2,1,14,"Northside - Westwood",-84.5723063935236,39.1606948808442
0,0,0,0,0,0,0,"Mount Airy",-84.5727007543622,39.1684808664847
0,0,0,0,0,0,0,"Mount Airy",-84.5730952678623,39.1762668384579
34,6,2,0,12,2,7,"Mount Airy",-84.5738847534439,39.1918387409469
1,2,3,0,1,1,14,"Mount Airy",-84.574279725795,39.1996246715571
6,1,2,1,2,0,2,"Sedamsville",-84.5656835267379,39.0868156740453
8,1,3,0,9,5,19,"East Price Hill",-84.5660761234144,39.0946018148763
58,1,14,1,11,13,32,"East Price Hill",-84.5664688721612,39.1023879418612
127,17,6,4,12,24,74,"East Price Hill",-84.5668617728761,39.1101740552896
2,4,0,0,0,0,8,"East Price Hill",-84.5672548259373,39.1179601547285
4,0,0,0,4,1,0,"South Fairmount",-84.5676480311748,39.1257462405026
49,13,8,0,7,6,33,"South Fairmount",-84.5680413887816,39.1335323125387
2,8,0,0,0,4,4,"North Fairmount",-84.5684348987639,39.1413183707882
6,0,2,0,0,4,5,"East Westwood",-84.5688285612148,39.1491044152552
19,0,4,0,23,3,1,"Westwood",-84.5692223759495,39.1568904462257
0,0,0,0,0,0,0,"Mount Airy",-84.5696163433377,39.1646764630802
0,0,0,0,0,0,0,"Mount Airy",-84.570010463283,39.1724624664614
0,0,0,0,0,0,0,"Mount Airy",-84.5704047360253,39.1802484557801
10,1,7,0,12,1,10,"Mount Airy",-84.5707991614335,39.1880344315813
1,3,3,0,8,0,12,"Mount Airy",-84.5711937396777,39.1958203934676
1,0,2,0,2,0,4,"Mount Airy",-84.5715884708486,39.2036063416828
18,0,0,0,0,3,0,"Sedamsville",-84.5629955882662,39.0907970309178
13,7,8,0,17,14,47,"East Price Hill",-84.5633879450673,39.0985831891109
69,9,7,2,22,10,71,"East Price Hill",-84.5637804536552,39.1063693336929
35,0,4,0,2,18,51,"East Price Hill",-84.5641731145202,39.1141554644156
8,7,2,0,1,5,34,"South Fairmount",-84.5645659272648,39.1219415815709
15,7,1,0,2,4,19,"South Fairmount",-84.5649588923555,39.1297276848859
0,0,0,0,0,0,6,"North Fairmount",-84.5653520094261,39.1375137744248
13,1,12,0,0,2,10,"East Westwood",-84.5657452789108,39.1452998501782
1,7,2,0,5,2,4,"East Westwood",-84.5661387005528,39.1530859122368
14,0,1,0,19,0,6,"Northside",-84.566532274773,39.1608719604774
0,0,0,0,0,0,0,"Mount Airy",-84.5669260013726,39.1686579949618
1,0,0,0,0,0,0,"Mount Airy",-84.5673198805023,39.1764440157846
2,1,14,0,0,1,18,"Mount Airy",-84.5677139122905,39.1842300227607
23,1,12,0,24,1,16,"Mount Airy",-84.5681080966875,39.1920160160472
1,0,3,0,1,0,4,"Mount Airy",-84.568502433751,39.1998019955107
2,0,3,0,9,0,1,"Sedamsville",-84.560307359426,39.0947783374871
20,1,6,0,5,3,24,"East Price Hill",-84.560699476149,39.1025645132089
83,5,13,1,19,24,65,"East Price Hill",-84.5610917447664,39.1103506751824
20,5,5,0,1,4,29,"East Price Hill",-84.5614841651291,39.1181368234621
37,10,4,1,14,9,26,"South Fairmount",-84.5618767376505,39.1259229578968
15,2,1,0,0,1,10,"North Fairmount",-84.5622694621472,39.1337090787945
4,3,2,0,0,2,24,"East Westwood",-84.5626623387297,39.141495185808
11,8,5,0,0,3,24,"East Westwood",-84.5630553674407,39.1492812791132
5,0,0,1,2,1,0,"Villages at Roll Hill",-84.5634485486634,39.1570673586648
0,0,0,0,0,0,0,"Mount Airy",-84.5638418819615,39.1648534244308
0,0,0,0,0,0,0,"Mount Airy",-84.5642353677275,39.1726394765054
7,0,11,0,9,0,2,"Mount Airy",-84.5646290058813,39.180425514741
1,0,0,0,0,0,2,"Mount Airy",-84.5650227966579,39.1882115393127
2,5,7,0,22,3,22,"Mount Airy",-84.5654167398984,39.1959975500568
0,0,5,0,6,0,9,"Mount Airy",-84.5658108358538,39.2037835469757
8,1,10,12,45,10,10,"Sedamsville",-84.5576188398703,39.0987595936521
42,3,10,2,15,16,44,"East Price Hill",-84.5580107163404,39.1065457868824
23,3,18,0,4,7,18,"East Price Hill",-84.5584027446594,39.1143319664793
4,0,0,0,0,3,9,"South Fairmount",-84.5587949247443,39.1221181321027
15,7,10,2,4,6,39,"South Fairmount",-84.5591872566362,39.1299042841614
3,3,2,0,6,4,16,"North Fairmount",-84.5595797407145,39.1376904223976
14,0,1,0,5,2,2,"East Westwood",-84.5599723766504,39.1454765469657
5,0,8,0,5,2,4,"Villages at Roll Hill",-84.5603651647299,39.1532626576942
2,0,1,1,14,0,0,"Northside",-84.5607581051323,39.1610487548167
0,0,0,0,0,0,0,"Mount Airy",-84.5611511976407,39.1688348379753
2,1,13,0,2,0,0,"Mount Airy",-84.56154444232,39.1766209076108
1,6,0,0,1,0,0,"Mount Airy",-84.5619378394428,39.1844069632499
0,0,0,0,0,1,9,"Mount Airy",-84.5623313889493,39.192193005394
3,0,10,0,35,2,18,"College Hill",-84.5627250910323,39.1999790335907
79,2,3,13,16,13,32,"Lower Price Hill",-84.5549300294967,39.1027407996799
10,1,15,0,5,5,30,"East Price Hill",-84.555321665698,39.110527010296
3,3,2,0,0,2,6,"East Price Hill",-84.5557134536859,39.1183132072401
41,17,9,1,17,10,25,"South Fairmount",-84.5561053931827,39.1260993904476
18,13,13,0,9,23,58,"North Fairmount",-84.5564974846033,39.1338855598661
16,1,3,0,6,0,0,"English Woods",-84.5568897280055,39.1416717156023
1,0,0,0,0,1,8,"East Westwood",-84.5572821233424,39.1494578576139
5,0,1,0,3,1,5,"Villages at Roll Hill",-84.5576746705361,39.1572439857775
2,0,1,0,3,0,0,"Mount Airy",-84.558067369943,39.1650301003641
0,0,5,0,2,1,2,"Mount Airy",-84.5584602212907,39.1728162011141
6,1,1,0,0,0,0,"Mount Airy",-84.5588532250617,39.1806022881209
0,0,1,0,1,1,0,"Mount Airy",-84.5592463808525,39.1883883613432
0,1,1,0,8,0,1,"College Hill",-84.5596396891509,39.1961744209042
46,13,3,6,14,7,53,"Lower Price Hill",-84.5522409283535,39.1067219552687
10,0,1,0,8,3,6,"East Price Hill",-84.5526323240273,39.1145081833059
27,70,3,1,7,6,27,"South Fairmount",-84.5530238715484,39.1222943976911
9,6,1,1,4,15,43,"South Fairmount",-84.5534155706192,39.1300805982851
9,2,5,0,1,19,10,"English Woods",-84.5538074213915,39.1378667852446
13,1,0,0,13,2,2,"Millvale",-84.5541994239217,39.1456529583566
7,1,0,0,4,11,9,"South Cumminsville",-84.5545915783397,39.1534391178159
0,0,0,0,1,8,4,"South Cumminsville",-84.554983884633,39.1612252635036
6,0,1,0,8,0,7,"Mount Airy",-84.555376342829,39.1690113954522
3,0,2,0,0,0,1,"Mount Airy",-84.5557689533099,39.1767975136711
0,0,0,0,11,5,2,"Mount Airy",-84.5561617157161,39.1845836181513
0,0,0,0,8,0,3,"College Hill",-84.5565546303864,39.1923697088376
2,3,8,0,5,1,6,"College Hill",-84.5569476973562,39.2001557857838
22,0,3,11,7,2,3,"Lower Price Hill",-84.5491605323253,39.1029168012502
3,0,2,0,3,9,10,"Lower Price Hill",-84.5495515360099,39.1107030604958
17,1,6,0,9,3,3,"East Price Hill",-84.5499426914605,39.1184893060581
118,41,5,1,14,12,47,"South Fairmount",-84.5503339982034,39.1262755377289
17,5,2,0,3,12,24,"North Fairmount",-84.5507254566998,39.1340617558304
14,30,12,0,8,4,3,"Millvale",-84.551117066676,39.1418479600797
11,3,5,0,7,2,16,"South Cumminsville",-84.551508828332,39.1496341506807
7,1,7,0,6,23,40,"South Cumminsville",-84.5519007418234,39.1574203275357
28,2,4,2,25,9,26,"Northside",-84.5522928071242,39.1652064907679
0,0,0,0,4,1,6,"Mount Airy",-84.5526850242832,39.1729926400198
0,0,3,0,1,0,2,"Northside",-84.5530773933428,39.1807787758175
0,0,0,0,1,0,0,"College Hill",-84.5534699144822,39.1885648976916
5,0,7,0,23,2,2,"College Hill",-84.5538625877103,39.1963510059154
0,6,10,0,6,3,17,"College Hill",-84.5542554128799,39.2041371003988
0,17,2,0,6,2,0,"Lower Price Hill",-84.546471089613,39.1068978387713
8,7,1,0,5,4,0,"Lower Price Hill",-84.5468618530032,39.1146841152932
18,3,1,0,6,5,2,"South Fairmount",-84.5472527678042,39.1224703781581
15,6,0,0,1,19,38,"South Fairmount",-84.5476438338083,39.1302566273828
24,0,6,0,11,8,28,"North Fairmount",-84.5480350514056,39.1380428627686
2,0,4,0,7,0,1,"South Cumminsville",-84.5484264204606,39.145829084639
12,17,8,1,5,12,40,"South Cumminsville",-84.5488179412484,39.1536152925431
9,8,5,2,2,6,21,"Northside",-84.5492096136714,39.1614014869207
10,9,14,0,29,3,10,"Northside",-84.5496014377607,39.169187667389
7,5,2,0,2,3,17,"Northside",-84.5499934136605,39.1769738343089
0,0,0,0,0,0,2,"College Hill",-84.5503855413909,39.1847599873174
0,1,11,0,8,0,0,"College Hill",-84.5507778210253,39.1925461267235
2,5,0,0,13,2,10,"College Hill",-84.5511702526657,39.2003322523267
2,1,6,0,10,1,19,"College Hill",-84.5515628365318,39.2081183642107
0,0,0,0,6,3,0,"Queensgate",-84.5433909847198,39.1030925180313
0,0,0,0,0,0,0,"Queensgate",-84.5437813562308,39.1108788257199
11,1,3,0,6,5,6,"Lower Price Hill",-84.5441718788807,39.1186651197042
15,0,2,3,21,16,3,"South Fairmount",-84.5445625528106,39.1264513999834
5,5,3,0,9,7,16,"Camp Washington",-84.5449533780917,39.1342376666327
0,0,0,0,1,0,0,"Camp Washington",-84.5453443547597,39.1420239193932
1,1,1,0,0,0,4,"Camp Washington",-84.5457354828529,39.1498101585097
21,4,5,3,10,9,17,"Northside -South Cumminsville",-84.5461267623521,39.1575963838479
17,0,8,1,20,4,36,"Northside",-84.5465181936147,39.1653825956505
11,1,6,2,26,6,40,"Northside",-84.546909776476,39.173168793539
1,0,0,0,3,0,0,"College Hill",-84.5473015110709,39.1809549778875
1,0,3,0,5,0,4,"College Hill",-84.5476933974553,39.1887411483751
15,2,3,0,18,0,20,"College Hill",-84.5480854355989,39.1965273050901
9,3,8,0,37,1,21,"College Hill",-84.5484776256282,39.2043134481906
1,0,0,6,6,3,0,"Queensgate",-84.5403112209194,39.099287098547
0,0,0,0,8,0,0,"Queensgate",-84.5407012006582,39.1070734372609
0,0,0,0,1,0,0,"Queensgate",-84.5410913315641,39.1148597623555
2,0,3,0,8,1,0,"Queensgate",-84.5414816134136,39.1226460736541
4,0,0,0,2,0,4,"Camp Washington",-84.5418720465251,39.1304323713247
63,0,3,5,9,1,2,"Camp Washington",-84.5422626308446,39.1382186551683
3,1,1,7,3,3,0,"Camp Washington",-84.5426533666405,39.1460049255107
5,0,4,7,18,3,3,"South Cumminsville",-84.5430442535377,39.1537911820207
9,1,0,3,11,4,17,"Northside",-84.5434352919363,39.1615774247278
9,0,6,5,25,7,33,"Northside",-84.5438264818818,39.1693636538216
10,10,8,1,14,2,25,"Northside",-84.5442178231789,39.1771498691766
0,0,0,1,4,1,1,"College Hill",-84.544609316365,39.1849360707157
8,0,6,0,15,0,8,"College Hill",-84.5450009611732,39.192722258707
8,0,10,0,32,7,29,"College Hill",-84.5453927575625,39.2005084329371
5,0,2,0,29,1,11,"College Hill",-84.5457847059348,39.208294593342
7,0,0,4,22,9,0,"Queensgate",-84.5376213866999,39.1032679500193
4,0,0,0,3,1,0,"West End",-84.5380111257126,39.1110543060176
11,0,1,2,0,1,0,"Queensgate",-84.538401015872,39.1188406484385
1,0,1,4,10,3,1,"Camp Washington",-84.5387910569188,39.1266269771138
35,1,1,5,12,8,12,"Camp Washington",-84.5391812490205,39.1344132921573
20,3,3,2,5,4,9,"Camp Washington",-84.539571592339,39.1421995933559
3,0,0,5,1,0,0,"Camp Washington",-84.5399620867987,39.1499858809888
17,8,4,18,13,7,14,"Northside",-84.5403527325345,39.1577721549126
18,1,7,8,41,7,27,"Northside",-84.540743529653,39.1655584150347
7,3,3,1,10,2,37,"Northside",-84.5411344781731,39.1733446615153
0,0,0,0,0,0,0,"College Hill",-84.5415255781899,39.1811308941896
0,0,1,0,0,0,2,"College Hill",-84.5419168294747,39.1889171133147
7,1,12,0,34,8,26,"College Hill",-84.5423082326744,39.1967033186168
7,2,1,0,20,6,19,"College Hill",-84.5426997873953,39.2044895101679
0,0,0,0,1,1,4,"College Hill",-84.5430914938401,39.2122756879545
3,0,0,15,31,3,0,"Queensgate",-84.5345419138944,39.0994623637884
14,0,0,0,29,0,0,"Queensgate",-84.5349312614697,39.107248750909
30,0,0,3,14,7,0,"West End",-84.5353207596671,39.1150351242993
7,0,8,26,17,16,0,"West End",-84.5357104088952,39.1228214840909
17,0,4,6,9,4,9,"Camp Washington",-84.536100208993,39.1306078301217
157,4,0,3,6,9,19,"Camp Washington",-84.5364901600614,39.1383941624156
6,0,0,9,6,0,3,"Camp Washington",-84.5368802622084,39.1461804810732
2,2,2,2,23,5,4,"Clifton",-84.5372705153965,39.1539667859881
48,4,13,34,26,18,24,"Northside",-84.5376609198535,39.1617530771257
1,0,0,2,14,0,11,"Northside",-84.5380514753459,39.1695393547735
1,0,0,0,2,0,5,"Northside",-84.5384421825562,39.1773256185586
0,0,0,0,0,0,0,"Spring Grove Village",-84.538833040777,39.1851118686866
3,0,6,0,20,6,21,"College Hill",-84.5392240505761,39.1928981049188
4,6,1,0,27,6,42,"College Hill",-84.539615211904,39.2006843277139
0,2,1,0,14,1,10,"College Hill",-84.5400065246286,39.2084705366622
0,0,0,3,1,0,0,"Queensgate",-84.5314627822763,39.0956566789099
59,0,1,3,16,5,0,"Queensgate",-84.5318517383885,39.1034430971049
14,0,2,2,6,0,0,"West End",-84.5322408450537,39.111229501478
28,9,6,33,21,20,29,"West End",-84.5326301024357,39.1190158921202
21,0,10,39,9,7,13,"CUF",-84.5330195106153,39.1268022691772
62,0,5,6,11,6,22,"Camp Washington",-84.5334090696889,39.134588632509
44,0,5,6,2,2,0,"Camp Washington",-84.5337987795657,39.1423749821777
4,0,2,9,7,2,3,"Clifton",-84.5341886403746,39.1501613181377
1,0,2,1,4,0,1,"Northside",-84.5345786522968,39.1579476404529
12,1,8,8,72,3,75,"Northside",-84.5349688152944,39.165733948952
1,0,2,0,3,1,3,"Northside",-84.5353591292279,39.1735202437209
0,0,0,0,0,0,0,"Spring Grove Village",-84.5357495947429,39.1813065249007
0,0,0,0,0,0,1,"Spring Grove Village",-84.536140211229,39.189092792393
4,0,6,0,14,1,39,"College Hill",-84.536530979112,39.1968790461132
0,0,1,0,6,0,9,"College Hill",-84.5369218985852,39.2046652861675
0,1,1,0,10,1,6,"College Hill",-84.53731296945,39.2124515124327
128,0,1,2,8,1,0,"Queensgate",-84.5287725564927,39.099637344234
22,2,2,4,17,6,2,"West End",-84.5291612717321,39.1074237796532
47,7,15,11,39,15,31,"West End",-84.5295501375084,39.1152102013406
17,5,0,25,8,16,30,"OTR",-84.5299391538757,39.1229966094466
17,9,3,12,10,10,33,"CUF",-84.5303283208974,39.1307830037905
35,2,3,11,6,1,42,"CUF",-84.53071763863,39.1385693843727
2,0,3,2,6,1,15,"Clifton",-84.5311071073298,39.1463557513216
1,0,0,0,1,0,2,"Clifton",-84.5314967268052,39.1541421046327
15,2,0,17,24,8,27,"Northside",-84.5318864973307,39.1619284441412
1,1,0,0,8,0,7,"Northside",-84.5322764187585,39.1697147701616
0,0,0,0,1,0,0,"Spring Grove Village",-84.5326664911262,39.1775010822478
0,0,0,0,0,0,0,"Spring Grove Village",-84.5330567147554,39.1852873807957
0,0,13,0,5,2,34,"College Hill",-84.5334470894991,39.1930736655759
3,0,16,0,13,1,32,"College Hill",-84.5338376156235,39.2008599366188
1,5,5,0,17,3,22,"College Hill",-84.5342282929886,39.208646193977
3,1,1,0,7,0,14,"College Hill",-84.534619121708,39.2164324376111
34,0,0,5,7,0,0,"Queensgate",-84.5256937160146,39.0958314929058
48,0,1,0,14,0,1,"West End",-84.5260820397719,39.1036179591426
11,0,3,4,7,0,12,"West End",-84.5264705140946,39.1114044118456
40,4,12,58,19,14,50,"West End",-84.5268591387609,39.1191908507628
15,0,6,15,4,4,107,"CUF",-84.5272479140222,39.1269772760336
16,2,7,7,9,11,39,"CUF",-84.5276368398443,39.1347636876966
12,0,3,4,6,2,12,"Clifton",-84.5280259163434,39.1425500856318
1,0,4,1,9,1,10,"Clifton",-84.5284151435998,39.1503364698846
1,0,0,0,0,0,0,"Clifton",-84.5288045215382,39.1581228404158
2,0,0,0,6,1,0,"Spring Grove Village",-84.529194050386,39.1659091973339
0,0,0,0,0,0,0,"Spring Grove Village",-84.5295837301403,39.1736955404912
0,0,0,0,0,0,0,"Spring Grove Village",-84.5299735607623,39.1814818699938
0,0,2,0,0,1,0,"Spring Grove Village",-84.5303635426454,39.1892681858452
0,2,1,0,10,1,13,"College Hill",-84.5307536754159,39.1970544878428
6,2,7,0,17,3,15,"College Hill",-84.5315343946303,39.2126270510562
24,2,0,3,13,3,0,"Queensgate",-84.5230031491488,39.0998120399203
17,2,2,4,11,10,39,"West End",-84.5233912320882,39.1075985235249
21,23,4,31,18,21,20,"West End",-84.5237794652522,39.1153849934048
17,8,1,20,12,18,117,"CUF",-84.5241678487686,39.1231714497008
9,1,5,4,13,10,63,"CUF - Heights",-84.5245563828243,39.1309578922765
3,2,4,10,5,1,23,"CUF",-84.5249450672895,39.1387443211034
2,0,3,0,2,1,40,"Clifton",-84.5253339023569,39.1465307363742
0,0,0,0,0,0,1,"Clifton",-84.5257228879765,39.1543171379306
1,1,2,2,2,0,0,"Spring Grove Village",-84.5261120242791,39.1621035257866
0,0,0,0,0,0,0,"Spring Grove Village",-84.5265013114626,39.1698898999522
0,0,1,0,0,1,0,"Spring Grove Village",-84.5268907493987,39.1776762604875
0,0,3,0,0,0,0,"Spring Grove - Winton Hills",-84.5272803382327,39.1854626071644
0,0,1,0,1,0,1,"College Hill - Spring Grove",-84.5276700780705,39.1932489403549
0,5,2,0,23,2,18,"College Hill",-84.5280599688019,39.2010352596449
0,6,2,0,5,0,25,"College Hill",-84.5284500107267,39.2088215654739
27,1,0,4,4,1,0,"Downtown",-84.5199245994492,39.0960060220025
32,0,4,8,32,4,18,"West End",-84.520312291169,39.1037925364377
98,0,0,31,20,10,30,"West End",-84.520700132955,39.1115790372487
107,2,5,31,9,12,42,"OTR",-84.5210881249985,39.1193655243968
20,1,7,50,16,12,103,"CUF",-84.5214762672664,39.1271519978278
3,2,2,8,12,4,42,"CUF - Heights",-84.521864559915,39.1349384577635
28,1,9,5,13,4,31,"Clifton",-84.5222530029776,39.1427249038096
3,3,2,3,0,1,28,"Clifton",-84.5226415965112,39.1505113363379
0,0,3,0,2,0,1,"Clifton",-84.5230303406398,39.1582977551244
6,0,2,0,5,0,0,"Spring Grove Village",-84.5234192351453,39.1660841602137
0,0,0,0,0,0,0,"Spring Grove Village",-84.5238082805653,39.1738705516268
1,0,1,0,1,1,4,"Spring Grove - Winton Hills",-84.5241974765591,39.1816569294198
0,0,6,0,0,0,0,"Spring Grove - Winton Hills",-84.5245868234171,39.1894432934795
0,0,0,0,0,0,5,"College Hill",-84.5249763211828,39.1972296439373
70,1,1,2,31,6,13,"Downtown",-84.5172336915001,39.0999864506133
172,1,0,11,16,2,9,"OTR",-84.5176211420834,39.1077729823291
378,2,5,36,19,18,89,"OTR",-84.5180087427549,39.1155595004351
14,0,4,38,15,9,87,"CUF",-84.5183964935547,39.1233460048506
5,0,1,2,0,0,9,"Corryville - Heights",-84.5187843943917,39.1311324956053
11,0,0,1,1,0,0,"Corryville - Heights",-84.5191724455585,39.1389189726219
3,0,2,10,8,1,22,"Clifton",-84.5195606470171,39.1467054359784
1,0,2,0,7,1,13,"Clifton",-84.5199489988946,39.1544918856495
0,0,0,0,0,1,0,"Clifton - Spring Grove Village",-84.5203375012163,39.1622783217456
3,0,9,0,0,0,8,"Spring Grove Village",-84.5207261541167,39.1700647440858
4,3,17,2,5,2,13,"Spring Grove - Winton Hills",-84.521114957381,39.1778511528427
1,0,1,0,0,0,5,"Spring Grove - Winton Hills",-84.5215039115634,39.1856375477248
2,0,1,0,7,2,0,"Spring Grove - Winton Hills",-84.5218930162064,39.1934239291411
5,1,1,0,11,2,3,"College Hill",-84.5222822717101,39.2012102967979
22,0,2,2,8,0,0,"Downtown",-84.5141554330832,39.0961802663356
267,1,0,5,25,2,6,"Downtown",-84.5145424925026,39.1039668288441
200,3,2,62,46,10,45,"OTR",-84.5149297017381,39.1117533777579
62,5,2,16,5,23,54,"Mount Auburn",-84.5153170610957,39.119539912975
39,0,4,15,18,3,31,"CUF - Heights",-84.5157045703973,39.1273264346095
2,0,1,1,18,0,1,"Corryville - Heights",-84.5160922298625,39.1351129424811
8,0,1,4,2,0,14,"Clifton",-84.5164800394382,39.1428994367836
0,0,2,3,4,0,11,"Clifton",-84.5168679993017,39.1506859175041
0,0,2,0,23,0,0,"Clifton",-84.5172561094326,39.1584723843972
17,5,2,1,24,2,9,"Spring Grove Village",-84.5176443699389,39.1662588376428
4,0,6,0,8,3,30,"Spring Grove Village",-84.5180327807647,39.1740452773015
11,1,3,1,10,4,5,"Spring Grove - Winton Hills",-84.5184213422327,39.1818317032089
0,0,1,0,4,2,1,"Winton Hills",-84.5188100540617,39.1896181155292
0,0,1,0,0,2,7,"College Hill - Winton Hills",-84.5191989166046,39.1974045140761
139,0,2,2,35,4,2,"Downtown",-84.5114641839869,39.1001605765355
138,1,1,16,16,4,5,"OTR",-84.5118510022199,39.1079471563219
40,7,11,51,7,21,52,"Mount Auburn",-84.5122379701223,39.1157337223948
38,0,3,1,0,2,38,"Mount Auburn",-84.5126250880061,39.1235202749004
21,0,0,1,31,0,4,"Corryville - Heights",-84.5130123559016,39.1313068136253
5,1,4,10,4,2,18,"Corryville",-84.5133997737517,39.1390933388465
3,2,1,4,5,4,15,"Clifton",-84.5137873416269,39.1468798502879
0,0,0,0,1,0,8,"Clifton",-84.514175059711,39.1546663481481
37,1,1,15,14,2,2,"Spring Grove Village",-84.514562927925,39.1624528323663
9,4,3,0,7,2,17,"Spring Grove Village",-84.5149509463313,39.1702393028403
1,0,1,4,2,2,30,"Spring Grove Village",-84.5153391154039,39.1780257595886
3,0,1,0,6,3,1,"Spring Grove - Winton Hills",-84.5157274344249,39.185812202761
5,0,2,0,0,0,0,"Spring Grove - Winton Hills",-84.5161159042602,39.1935986322645
0,0,0,0,6,1,12,"College Hill",-84.5165045244386,39.201385048118
37,0,0,0,1,1,0,"Downtown",-84.5083862165872,39.09635422572
82,0,0,7,45,4,1,"Downtown",-84.5087726437558,39.1041408363478
34,2,9,12,44,13,113,"Pendleton",-84.5091592206907,39.1119274332161
16,0,1,20,13,2,6,"Mount Auburn",-84.5095459471638,39.1197140166093
119,0,6,5,12,5,16,"Mount Auburn",-84.5099328235865,39.127500586133
16,0,0,0,14,0,6,"Corryville",-84.5103198496549,39.1352871422195
2,2,2,0,4,2,26,"Avondale",-84.5107070257889,39.1430736843774
12,11,5,1,22,12,37,"Clifton",-84.5110943519069,39.1508602131379
0,0,0,0,0,0,1,"Clifton",-84.5114818280807,39.1586467280296
65,1,1,2,41,5,0,"Spring Grove Village",-84.5118694543776,39.1664332295294
4,2,5,0,4,0,29,"Spring Grove Village",-84.5122572307651,39.1742197171148
9,0,4,0,2,0,0,"Winton Hills",-84.5126451574526,39.1820061913028
5,0,1,0,9,0,1,"Winton Hills",-84.5130332344462,39.1897926516235
0,0,0,0,0,0,0,"Winton Hills",-84.5134214618848,39.1975790983161
23,0,0,7,26,3,0,"Downtown",-84.5056946266275,39.1003344176192
144,0,1,10,42,8,8,"Downtown - Pendleton",-84.506080812366,39.1081210453758
10,3,2,1,25,5,43,"Mount Auburn",-84.5064671477027,39.1159076593258
14,3,11,4,5,8,64,"Mount Auburn",-84.5068536327892,39.1236942598618
32,1,4,6,17,9,12,"Corryville",-84.5072402673862,39.1314808466398
6,1,0,0,5,0,18,"Corryville",-84.5076270519391,39.1392674198228
3,1,5,0,24,3,23,"Avondale",-84.508013986058,39.1470539793083
0,0,7,0,7,5,10,"Clifton",-84.5084010703076,39.1548405251436
23,1,2,0,6,0,2,"Clifton",-84.5087883044877,39.1626270574142
3,0,0,1,4,1,0,"Spring Grove Village",-84.5091756886961,39.1704135759024
8,0,3,0,8,0,0,"Winton Hills",-84.5095632229657,39.1782000808512
1,0,0,0,7,0,0,"Winton Hills",-84.5099509072833,39.1859865719723
3,3,0,0,0,0,0,"Winton Hills",-84.5103387418456,39.1937730495943
14,0,2,11,26,13,2,"Downtown",-84.5030027453214,39.104314558924
49,1,9,5,42,5,33,"Mount Auburn",-84.5033886895631,39.1121012037488
17,4,4,2,13,10,54,"Mount Auburn",-84.5037747833002,39.1198878349971
51,5,9,5,17,4,12,"Mount Auburn",-84.5041610266027,39.1276744525255
25,1,5,0,41,5,3,"Corryville",-84.5045474196227,39.1354610564899
4,0,3,2,14,1,18,"Avondale",-84.5049339623038,39.1432476467894
4,2,8,0,7,15,26,"Avondale",-84.5053206546391,39.1510342234599
23,10,4,0,16,3,15,"Clifton",-84.5057074966524,39.1588207864472
0,2,1,0,2,0,0,"Winton Hills",-84.506481630763,39.1743938714655
0,0,1,0,0,0,0,"Winton Hills",-84.5068689227343,39.1821803936587
1,0,0,0,0,0,0,"Winton Hills",-84.5072563646934,39.1899669020541
0,0,2,0,2,1,0,"Winton Hills",-84.5076439568394,39.1977533967188
18,0,4,7,18,2,0,"Downtown",-84.4999250191614,39.1005079738381
7,0,2,14,17,2,7,"Mount Adams",-84.500310572591,39.1082946494525
9,0,1,2,29,5,3,"Walnut Hills",-84.5006962753424,39.1160813114032
69,1,5,1,17,10,33,"Walnut Hills",-84.5010821274236,39.1238679597377
47,1,1,1,5,1,5,"Corryville",-84.5014681290728,39.1316545945198
12,0,0,0,3,1,3,"Avondale",-84.5018542799847,39.1394412154844
14,5,7,1,11,19,23,"Avondale",-84.5022405808673,39.1472278230479
16,1,4,0,4,3,37,"Avondale",-84.5026270311068,39.1550144167258
0,0,0,0,0,0,0,"Winton Hills",-84.5041743301083,39.1861606555226
0,0,0,0,3,0,0,"Winton Hills",-84.5045615297096,39.1939471811405
15,1,2,32,16,1,13,"East End",-84.4972327968101,39.1044879965179
7,0,2,2,13,3,3,"Walnut Hills",-84.4976181085568,39.1122746892294
12,0,4,5,6,11,12,"Walnut Hills",-84.4980035697067,39.1200613682943
45,1,1,16,16,3,11,"Walnut Hills",-84.4983891799538,39.127848033721
91,1,2,1,30,6,10,"Avondale",-84.4987749396381,39.1356346856872
13,6,11,0,4,9,32,"Avondale",-84.4991608487216,39.1434213237224
1,3,1,0,2,2,15,"Avondale",-84.499546907439,39.1512079484149
2,0,2,0,4,3,11,"North Avondale",-84.4999331155245,39.1589945592656
0,0,1,0,1,1,0,"Winton Hills",-84.5010926380628,39.1823543102707
0,0,1,0,0,0,0,"Winton Hills",-84.5014794450866,39.1901408666293
0,0,0,0,0,0,0,"Carthage",-84.5018664019907,39.1979274092755
2,0,3,12,41,3,38,"Mount Adams",-84.4945402831571,39.1084679684473
6,0,4,0,1,0,1,"Walnut Hills",-84.4949253531432,39.1162546783189
17,0,6,4,14,30,55,"Walnut Hills",-84.4953105721927,39.1240413745591
22,1,4,0,7,1,5,"Avondale",-84.4956959406784,39.131828057043
28,2,6,0,18,15,47,"Avondale",-84.4960814584748,39.139614725937
15,0,17,4,3,13,23,"Avondale",-84.4964671254197,39.1474013812471
3,0,0,0,2,2,7,"Avondale - North Avondale",-84.4968529418712,39.1551880229353
0,0,4,0,3,4,0,"Winton Hills",-84.4983977029008,39.1863344533108
0,0,0,0,1,1,0,"Winton Hills",-84.4987842672914,39.1941210268093
4,0,4,0,5,0,0,"Walnut Hills",-84.4918474780746,39.1124478897815
27,3,7,1,11,5,19,"Walnut Hills",-84.4922323061414,39.1202346167171
27,9,4,6,26,15,37,"Walnut Hills",-84.4926172834043,39.1280213298153
8,0,0,1,3,3,2,"Avondale",-84.4930024099114,39.1358080296033
28,10,7,0,5,23,24,"Avondale",-84.4933876853988,39.1435947155173
4,0,2,0,4,2,10,"Avondale - North Avondale",-84.4937731102183,39.1513813879757
2,2,2,0,3,3,36,"North Avondale",-84.4941586842508,39.1591680466773
0,0,0,0,0,0,0,"Winton Hills",-84.4957024753004,39.1903145454792
0,0,0,0,2,0,1,"Carthage",-84.4960887968548,39.1981011360464
4,0,0,2,8,0,2,"Walnut Hills",-84.489154381277,39.1164277601926
34,3,6,5,35,24,26,"Walnut Hills",-84.4895389676261,39.1242145041598
46,1,2,1,15,4,29,"Walnut Hills",-84.4899237027987,39.132001234397
7,5,8,1,9,16,33,"Avondale",-84.4903085870646,39.1397879511065
13,7,4,1,1,6,36,"Avondale",-84.4906936203949,39.1475746541881
1,0,0,0,2,4,3,"Avondale - North Avondale",-84.4910788029504,39.1553613437015
1,1,0,0,3,2,2,"Carthage",-84.4930069551188,39.1942945867036
1,0,0,0,2,0,0,"Carthage",-84.4933930338144,39.2020811943238
6,5,6,5,15,13,39,"Walnut Hills",-84.4864609930899,39.1204075798458
41,0,4,5,33,7,14,"Walnut Hills",-84.4868453372877,39.1281943407702
40,1,6,0,12,15,13,"Walnut Hills",-84.4872298302961,39.1359810882177
14,4,10,0,10,13,25,"Avondale",-84.4876144722405,39.1437678219588
15,4,1,1,11,12,40,"Avondale - North Avondale",-84.48799926326,39.1515545420767
21,0,1,0,2,2,20,"North Avondale",-84.4883842035107,39.1593412485815
1,0,0,0,1,0,0,"Bond Hill",-84.4891545309969,39.1749146207705
14,3,3,0,2,2,15,"Carthage",-84.4899254557042,39.1904879384819
1,0,0,0,2,0,0,"Carthage",-84.4903111421111,39.1982745769646
0,0,0,0,10,0,0,"Hartwell",-84.4910829632735,39.2138478128849
2,0,2,2,8,3,0,"East End",-84.4833833598026,39.11660055703
26,3,4,1,28,3,11,"East Walnut Hills",-84.483767313062,39.1243873486037
11,1,6,4,11,12,19,"Walnut Hills",-84.4841514150895,39.132174126598
8,1,3,1,6,21,13,"Walnut Hills",-84.4845356658646,39.1399608910293
4,1,0,0,10,8,20,"Avondale - North Avondale",-84.4849200654907,39.1477476417761
21,7,3,1,3,8,21,"North Avondale",-84.4853046140051,39.1555343789705
0,0,0,0,0,4,0,"Bond Hill",-84.4864591539427,39.1788945088299
13,7,3,0,2,4,18,"Carthage",-84.4872295928568,39.1944678607272
1,0,0,0,0,0,0,"Carthage",-84.4876150363985,39.2022545161286
0,0,0,0,0,0,0,"Hartwell",-84.488000629137,39.2100411579541
1,0,0,0,0,0,1,"Hartwell",-84.4883863711958,39.2178277863255
0,1,2,2,7,0,20,"East Walnut Hills",-84.4806896302251,39.1205802580639
16,4,9,0,13,4,10,"East Walnut Hills",-84.481073341371,39.1283670665524
13,1,6,0,29,4,18,"Walnut Hills",-84.4814572012049,39.1361538615987
0,0,3,0,18,0,5,"Evanston",-84.4818412095961,39.1439406429834
21,3,2,1,9,10,19,"North Avondale",-84.4822253667687,39.1517274108496
0,3,4,0,14,2,8,"North Avondale",-84.4826096726301,39.1595141649924
2,1,1,0,0,0,16,"Paddock Hills",-84.4829941276526,39.167300905663
2,0,0,0,4,0,3,"Bond Hill",-84.4833787315984,39.1750876325824
1,0,0,0,0,3,2,"Bond Hill",-84.4837634844224,39.1828743460101
33,7,7,0,12,1,35,"Carthage",-84.484148386249,39.1906610457296
14,2,3,1,1,1,9,"Carthage",-84.4845334373683,39.1984477318065
2,0,0,0,27,0,0,"Hartwell",-84.4853039871934,39.2140210633636
2,2,2,1,21,5,24,"East Walnut Hills",-84.4779956089898,39.1245599079431
8,0,6,3,6,2,9,"Evanston",-84.4783790777018,39.1323467335936
1,1,3,0,9,2,76,"Evanston",-84.4787626951455,39.1401335456722
2,0,3,0,17,3,7,"North Avondale",-84.479146461145,39.1479203440536
6,7,3,0,16,2,19,"North Avondale",-84.4795303757768,39.1557071288834
0,0,1,0,14,3,7,"Paddock Hills",-84.4799144390468,39.1634938999943
4,0,0,0,3,0,0,"Paddock Hills",-84.4802986513044,39.1712806576195
4,1,1,0,3,3,18,"Bond Hill",-84.4806830122671,39.1790674016238
3,0,0,0,1,0,7,"Bond Hill",-84.48106752216,39.186854132056
99,15,3,1,12,7,53,"Carthage",-84.4814521811541,39.1946408489201
0,0,0,0,0,0,0,"Carthage",-84.4818369888803,39.2024275520463
1,1,0,0,0,0,0,"Hartwell",-84.4826070523845,39.2180009175454
2,3,4,0,0,2,4,"East End",-84.4749182181311,39.120752651087
5,1,6,4,21,6,22,"East Walnut Hills",-84.4753012959495,39.1285395071416
12,3,8,0,26,9,47,"Evanston",-84.4756845223219,39.1363263498204
4,0,2,3,5,8,26,"Evanston",-84.4760678971606,39.1441131786679
0,0,3,0,9,0,3,"North Avondale",-84.4764514206013,39.1518999941146
1,0,0,0,1,0,0,"Paddock Hills",-84.4768350924572,39.1596867959307
17,3,4,0,52,6,19,"Paddock Hills",-84.4772189130947,39.1674735841634
13,1,16,2,60,26,33,"Bond Hill",-84.4776028821699,39.1752603588121
6,1,4,0,31,2,30,"Bond Hill",-84.4779870003105,39.1830471198261
9,0,0,0,1,2,2,"Bond Hill",-84.4783712672211,39.190833867181
50,4,3,0,11,7,26,"Carthage",-84.4787556829601,39.1986206010543
2,0,4,3,16,5,19,"East Walnut Hills",-84.4722238555837,39.1247321822221
4,2,5,0,26,2,13,"East Walnut Hills",-84.4726066910723,39.1325190552828
7,5,7,1,33,12,60,"Evanston",-84.4729896749244,39.1403059149406
2,0,0,0,3,0,1,"Evanston",-84.4733728070642,39.1480927608434
9,0,3,0,10,2,13,"North Avondale",-84.4737560877251,39.1558795931679
7,2,6,0,19,2,10,"Paddock Hills",-84.4741395168437,39.1636664119129
1,0,0,0,6,3,5,"Paddock Hills",-84.4745230944225,39.1714532172005
1,1,1,1,22,13,38,"Bond Hill",-84.474906820761,39.1792400087584
2,0,0,0,3,0,3,"Bond Hill",-84.4752906957147,39.1870267867296
26,0,0,0,14,5,5,"Carthage",-84.4756747194612,39.1948135512197
0,0,1,0,15,0,0,"Carthage",-84.4760588920141,39.2026003019985
15,0,1,0,6,0,4,"Hartwell",-84.4764432133456,39.2103870392397
6,0,4,0,0,0,44,"East Walnut Hills",-84.4695292011738,39.1287116626225
2,8,5,2,33,27,33,"Evanston",-84.4699117940264,39.136498552552
20,0,9,0,13,13,54,"Evanston",-84.4702945352487,39.1442854290384
27,2,0,0,14,1,1,"Paddock Hills",-84.4714436488347,39.1676459771448
9,6,6,0,6,17,38,"Bond Hill",-84.471826983493,39.1754327992072
0,0,0,0,0,0,0,"Bond Hill",-84.4722104667692,39.1832196078642
3,0,2,0,6,2,0,"Bond Hill",-84.4725940984433,39.1910064027862
8,1,0,2,19,6,7,"Carthage",-84.4729778790346,39.1987931841924
10,0,0,1,8,0,11,"Hartwell",-84.473361807954,39.2065799519015
18,2,3,0,8,3,14,"Hartwell",-84.473745886019,39.2143667061712
14,1,15,0,16,4,19,"East End",-84.4664520525233,39.1249041712234
3,1,4,1,5,0,21,"East Walnut Hills",-84.4668342547972,39.1326910918681
5,0,4,0,18,5,39,"Evanston",-84.467216605121,39.1404779989165
6,0,0,0,1,1,12,"Paddock Hills",-84.4683645450791,39.1638386384025
9,3,6,1,8,6,20,"Bond Hill",-84.468747488327,39.1716254912102
3,0,1,0,6,1,5,"Bond Hill",-84.4691305798412,39.1794123302132
0,0,0,0,7,2,0,"Bond Hill",-84.4695138198734,39.1871991557821
2,0,0,0,3,0,0,"Roselawn",-84.4698972082788,39.194985967645
0,0,0,1,8,1,11,"Hartwell",-84.4702807454624,39.2027727661135
22,2,1,0,17,4,35,"Hartwell",-84.470664431026,39.2105595508158
0,0,4,0,3,0,10,"Hyde Park",-84.4637570568275,39.1288835327533
4,2,4,0,13,17,36,"Evanston",-84.4641390165211,39.1366704702184
2,3,3,0,10,16,39,"Evanston",-84.4645211240223,39.1444573941713
15,2,5,1,16,10,42,"Bond Hill",-84.4660510352071,39.1756049539996
1,1,0,0,3,3,0,"Bond Hill",-84.466433883463,39.1833918101061
5,0,2,0,10,2,9,"Roselawn",-84.4668168801355,39.1911786525961
9,8,4,0,3,2,21,"Hartwell",-84.4675833188365,39.2067522966966
27,9,3,0,13,10,23,"Hartwell",-84.467966760842,39.2145390983979
18,6,4,0,14,5,14,"Hyde Park",-84.4606802003513,39.1250758752388
4,0,3,1,29,2,16,"Hyde Park",-84.4610617693043,39.1328628431653
1,0,5,0,14,4,21,"Hyde Park",-84.4614434861365,39.140649797531
12,2,13,0,7,8,35,"Bond Hill",-84.4629718326493,39.1717974794755
4,5,7,0,0,10,58,"Bond Hill",-84.4633542894506,39.1795843659326
14,0,3,0,29,3,1,"Bond Hill",-84.4637368943867,39.1873712389297
2,0,2,0,16,4,33,"Roselawn",-84.464119647662,39.1951580982413
4,0,0,0,2,0,2,"Roselawn",-84.4645025491844,39.202944944131
26,3,1,1,24,7,9,"Hartwell",-84.4648855990711,39.2107317763274
1,2,6,0,3,5,12,"East End",-84.4576036848347,39.1212681193565
0,0,1,0,6,0,8,"Hyde Park",-84.4579848633441,39.1290551177914
1,0,2,0,8,2,12,"Hyde Park",-84.4583661894593,39.1368421025214
8,0,1,1,26,3,8,"Evanston",-84.4587476635341,39.1446290738429
2,0,4,0,1,2,1,"Bond Hill",-84.4598929720062,39.1679899062461
3,1,3,0,15,7,45,"Bond Hill",-84.4602750374609,39.1757768232388
0,0,2,0,5,4,13,"Bond Hill",-84.4606572509214,39.1835637267027
43,0,0,0,14,6,12,"Roselawn",-84.4610396124043,39.1913506165625
4,2,7,0,11,3,28,"Roselawn",-84.46142212207,39.1991374928991
3,10,5,0,3,9,24,"Roselawn",-84.4618047801066,39.2069243556392
34,3,1,0,9,6,12,"Hartwell",-84.4621875863613,39.2147112046908
1,0,1,0,3,0,4,"Hyde Park",-84.4549082985851,39.1252472939236
0,0,0,0,3,0,0,"Hyde Park",-84.4552892343739,39.1330343091893
3,0,0,0,10,1,18,"Hyde Park",-84.4556703176275,39.1408213108665
3,6,1,0,0,2,35,"Bond Hill",-84.4575779495822,39.1797561159211
19,0,0,0,4,6,7,"Roselawn",-84.4579599196235,39.1875430362873
16,2,3,1,26,4,38,"Roselawn",-84.4583420374792,39.1953299430319
33,8,5,1,0,10,56,"Roselawn",-84.4587243036532,39.2031168361687
2,0,0,0,1,0,3,"Roselawn",-84.4591067178139,39.2109037158008
1,0,1,0,10,4,19,"East End",-84.4518320752388,39.1214393719089
0,0,2,1,1,0,1,"Hyde Park",-84.4522126206016,39.1292264175702
1,0,0,0,24,1,6,"Hyde Park",-84.4525933132901,39.1370134495553
0,0,1,2,3,0,6,"Hyde Park",-84.4529741534861,39.1448004681337
6,0,1,0,8,2,2,"Roselawn",-84.4548805688721,39.1837353574546
28,2,3,0,4,9,39,"Roselawn",-84.4552622953913,39.191522294666
20,0,1,1,11,7,4,"Roselawn",-84.4556441696158,39.1993092183108
5,3,7,0,9,12,32,"Roselawn",-84.4560261918108,39.2070961283932
0,0,0,0,0,0,0,"East End",-84.4487561930404,39.1176313516316
0,0,1,0,0,0,13,"Hyde Park",-84.4491363479903,39.1254184275163
0,0,4,0,1,0,2,"Hyde Park",-84.4495166504073,39.1332054900143
2,0,3,2,2,0,11,"Hyde Park",-84.4498971000365,39.1409925389197
1,0,0,0,3,0,0,"Pleasant Ridge",-84.4518015603855,39.1799275802369
10,0,2,1,19,2,1,"Roselawn",-84.4529460086148,39.2032884424212
1,0,4,0,10,0,14,"Columbia Tusculum",-84.4460604166018,39.1216103393138
1,0,3,0,5,1,13,"Hyde Park",-84.4464403287778,39.1293974320713
0,0,3,0,17,3,2,"Hyde Park",-84.4468203880489,39.1371845113255
3,0,2,2,3,2,25,"Hyde Park",-84.4472005945162,39.1449715770432
7,3,3,0,21,4,32,"East End",-84.4429848262316,39.117802152839
0,0,2,0,8,0,11,"Hyde Park",-84.4433643483411,39.1255892758958
0,0,0,0,14,4,20,"Hyde Park",-84.4437440171884,39.1333763855116
1,1,4,0,15,1,28,"Hyde Park",-84.4441238331978,39.1411634816423
0,0,2,0,14,0,3,"Pleasant Ridge",-84.4460251220795,39.1800987588046
11,2,1,4,7,3,10,"Columbia Tusculum - East End",-84.4399095768946,39.1139938681443
1,0,4,0,5,0,32,"Columbia Tusculum",-84.4402887089457,39.1217810216211
0,0,1,0,3,1,3,"Hyde Park",-84.4406679876727,39.129568161472
6,0,2,0,31,1,36,"Hyde Park",-84.4410474135194,39.1373552878715
10,0,2,1,30,0,32,"Hyde Park - Oakley",-84.4414269862547,39.14514240058
2,0,6,0,10,0,20,"Oakley",-84.4418067061828,39.1529294999488
5,2,1,0,5,1,40,"Pleasant Ridge",-84.4429467484624,39.1762907166353
9,1,4,0,8,7,32,"Columbia Tusculum - East End",-84.436834668385,39.1101854853343
8,0,9,0,36,2,20,"Columbia Tusculum",-84.4372134105127,39.1179726690455
1,0,0,0,7,0,14,"Mount Lookout",-84.4375922994012,39.1257598391874
0,0,3,0,3,2,12,"Hyde Park",-84.4379713349739,39.133546995802
0,0,4,0,9,0,80,"Hyde Park",-84.4383505175497,39.1413341389039
0,0,2,0,15,1,17,"Oakley",-84.4387298468735,39.1491212684717
1,0,1,0,6,1,9,"Pleasant Ridge",-84.4398687169007,39.1724825761093
1,3,7,0,11,4,31,"Pleasant Ridge",-84.4402486345731,39.180269651594
0,0,0,0,1,0,1,"California",-84.4318705348662,39.0674407321143
0,0,0,0,0,0,0,"California",-84.4322481553897,39.0752280135973
0,0,0,0,0,0,0,"East End",-84.4326259222079,39.0830152815323
0,0,0,0,1,0,0,"East End",-84.4330038354141,39.0908025359738
6,0,0,0,4,0,0,"East End",-84.4333818949329,39.0985897769222
5,0,1,0,6,2,3,"East End",-84.4337601007675,39.1063770044086
10,8,5,0,12,1,32,"Columbia Tusculum",-84.4341384532883,39.1141642182068
0,0,5,0,17,2,20,"Columbia Tusculum - Mt Lookout",-84.4345169522027,39.1219514186875
1,0,3,0,9,3,22,"Mount Lookout",-84.4348955977548,39.1297386055403
2,1,1,0,2,0,47,"Hyde Park",-84.4352743900721,39.1375257789101
4,1,6,0,25,2,22,"Oakley",-84.4356533290445,39.1453129388158
2,2,8,3,14,6,38,"Oakley",-84.43603241497,39.1531000851821
6,4,2,0,13,3,28,"Pleasant Ridge",-84.4371705538797,39.176461442986
0,0,1,0,0,0,6,"Pleasant Ridge",-84.4375502276343,39.1842485352507
1,2,0,0,6,1,13,"California",-84.4287982535683,39.063632002109
0,0,0,0,0,0,0,"California",-84.4291754852734,39.0714193137545
0,0,0,0,0,0,0,"East End",-84.4295528632141,39.0792066118715
0,0,0,0,6,0,0,"East End",-84.429930387139,39.0869938965099
1,0,0,0,16,1,0,"East End",-84.4303080574852,39.0947811677138
3,1,0,0,3,1,0,"East End",-84.4306858738684,39.1025684253138
5,1,3,0,4,1,19,"Columbia Tusculum",-84.4310638368475,39.1103556693999
0,0,4,0,9,0,29,"Columbia Tusculum",-84.4314419459741,39.1181429000889
1,0,4,0,3,0,32,"Mount Lookout",-84.4318202017301,39.1259301172048
0,1,2,1,6,6,29,"Mount Lookout",-84.4321986039424,39.1337173207948
0,0,1,0,25,0,24,"Hyde Park",-84.4325771528325,39.1415045108769
3,4,4,0,20,5,26,"Oakley",-84.4329558482762,39.1492916874464
3,0,0,0,29,5,2,"Oakley",-84.4333346905189,39.1570788506033
0,0,0,0,0,0,0,"Oakley",-84.43371367944,39.1648660000421
4,0,4,0,16,1,9,"Pleasant Ridge",-84.4340928152901,39.1726531361583
3,0,7,1,32,0,11,"Pleasant Ridge",-84.4344720978949,39.1804402585939
1,0,5,0,8,1,23,"Pleasant Ridge",-84.4348515276251,39.188227367714
1,0,0,0,0,0,0,"California",-84.4257263123861,39.0598231741048
6,11,2,0,12,0,11,"California",-84.4261031554741,39.0676105159382
0,0,0,0,0,0,0,"California",-84.4264801444433,39.0753978441281
0,0,0,0,0,0,0,"East End",-84.426857279492,39.0831851590861
1,0,0,0,14,1,0,"East End",-84.4272345605193,39.0909724602747
1,0,0,0,1,0,0,"East End",-84.4276119876754,39.0987597481938
3,2,0,0,7,1,4,"East End",-84.4279895610551,39.1065470223826
1,0,0,0,1,0,15,"Columbia Tusculum",-84.428367280692,39.1143342833411
0,0,2,0,4,1,13,"Mount Lookout",-84.4287451466604,39.1221215306213
8,0,2,0,5,4,30,"Mount Lookout",-84.4291231590826,39.1299087644966
0,0,2,0,19,2,23,"Hyde Park",-84.429501317735,39.1376959847405
5,0,6,0,38,4,3,"Oakley",-84.4298796230233,39.1454831915662
6,0,8,1,61,2,11,"Oakley",-84.4302580747993,39.1532703848621
3,1,0,0,0,0,0,"Oakley",-84.4306366733213,39.1610575646864
2,1,9,0,11,3,24,"Pleasant Ridge",-84.4313943103883,39.1766318837232
0,3,4,0,5,2,11,"Pleasant Ridge",-84.4317733489488,39.184419022941
0,0,0,0,0,0,0,"California",-84.4226547111248,39.0560142481872
4,0,1,0,11,1,6,"California",-84.4230311655372,39.0638016200735
0,0,1,0,20,1,0,"California",-84.4234077658864,39.0715889786086
0,0,0,0,2,0,0,"California",-84.4237845119538,39.0793763235244
0,0,0,0,0,0,0,"East End",-84.424161404166,39.087163654973
0,1,0,0,9,1,0,"East End",-84.4245384419634,39.0949509729381
0,0,0,0,0,0,0,"East End",-84.4249156262569,39.1027382775062
22,3,0,1,0,4,10,"Columbia Tusculum",-84.4252929561416,39.1105255684555
0,0,3,0,0,0,17,"Mount Lookout",-84.4256704326303,39.118312846035
1,0,9,0,14,3,12,"Mount Lookout",-84.4260480551349,39.1261001099441
2,1,6,0,8,1,34,"Mount Lookout",-84.4264258240557,39.1338873605298
0,0,1,0,5,1,11,"Hyde Park",-84.4268037391407,39.1416745974729
4,0,2,0,15,2,22,"Oakley",-84.4271818006722,39.1494618210488
9,3,2,5,14,2,2,"Oakley",-84.4275600087228,39.1572490309686
2,0,0,0,1,1,0,"Oakley",-84.4279383633817,39.165036227525
4,4,2,0,12,3,3,"Pleasant Ridge",-84.4283168644591,39.172823410457
12,1,2,2,47,0,19,"Pleasant Ridge",-84.4286955123322,39.1806105799725
0,0,0,0,0,0,0,"California",-84.4199595157208,39.0599926264902
0,0,0,0,0,0,0,"California",-84.4203357274552,39.0677800149836
0,0,0,0,2,0,0,"California",-84.4207120848494,39.0755673900345
0,0,3,0,9,0,1,"California",-84.4210885879385,39.0833547516271
0,0,0,0,0,0,0,"East End",-84.4214652369831,39.0911420998492
0,0,0,0,0,0,0,"East End",-84.4218420318209,39.0989294344105
1,0,0,0,4,1,0,"East End",-84.4222189726788,39.1067167556216
12,4,1,0,7,2,11,"Linwood",-84.4225960594223,39.1145040631874
0,0,2,0,0,1,3,"Mount Lookout",-84.4229732923354,39.1222913574361
0,0,4,0,5,10,17,"Mount Lookout",-84.4233506714154,39.1300786381007
0,5,7,0,26,3,20,"Hyde Park",-84.4237281964586,39.1378659052687
1,0,6,0,19,0,15,"Oakley",-84.4241058680428,39.145653159016
3,0,10,1,51,1,28,"Oakley",-84.4244836857965,39.1534403991632
16,1,0,1,17,1,0,"Oakley",-84.424861649968,39.1612276258391
3,4,7,0,48,2,3,"Pleasant Ridge",-84.4256180176251,39.1768020388005
5,3,4,1,33,2,14,"Pleasant Ridge",-84.4259964213646,39.1845892248913
0,0,0,0,0,0,0,"California",-84.417264028941,39.0639709534581
0,0,0,0,1,0,0,"California",-84.4176399977676,39.0717583586788
1,0,1,0,1,0,0,"California",-84.4180161121719,39.079545750391
0,0,0,0,0,0,0,"East End",-84.4183923721308,39.0873331286431
0,0,0,0,0,0,0,"East End",-84.4187687780497,39.0951204933322
0,0,0,0,0,0,0,"East End",-84.4191453296446,39.1029078446352
0,0,0,0,3,0,0,"East End",-84.4195220271809,39.1106951824598
6,0,3,0,11,0,4,"Linwood",-84.4198988705007,39.1184825067632
0,1,3,0,5,4,15,"Mount Lookout",-84.4202758598293,39.1262698175004
0,0,0,0,2,1,14,"Mount Lookout",-84.4206529952115,39.134057115019
3,0,1,1,20,3,18,"Hyde Park",-84.4210302767342,39.1418443986889
1,0,9,0,12,1,10,"Oakley",-84.4214077044056,39.1496316691368
6,0,0,2,61,2,6,"Oakley",-84.4217852782159,39.1574189259138
0,0,3,0,43,1,3,"Oakley",-84.4221629983869,39.1652061694243
2,1,8,0,10,1,24,"Pleasant Ridge",-84.4229188779034,39.1807806155592
0,0,1,1,4,0,13,"Pleasant Ridge",-84.4232970372707,39.1885678183632
0,0,0,0,0,0,0,"California",-84.4141926703793,39.0601617941571
0,0,0,0,0,0,0,"California",-84.4145682507012,39.0679492293788
0,0,0,0,2,0,0,"California",-84.4149439765038,39.0757366512932
0,3,1,0,3,0,8,"Mount Washington",-84.4153198478859,39.0835240595786
0,0,0,0,0,0,0,"East End",-84.4156958647119,39.0913114543909
0,0,0,0,0,0,0,"East End",-84.416072027174,39.099098835776
0,0,0,0,0,0,0,"East End",-84.416448335533,39.1068862036317
0,0,0,0,2,0,0,"Linwood",-84.4168247894752,39.1146735580856
4,3,5,15,24,3,13,"Linwood",-84.4172013892606,39.1224608990325
1,0,1,0,2,3,12,"Mount Lookout",-84.4175781349269,39.130248226478
1,0,0,0,22,3,11,"Mount Lookout",-84.4179550267349,39.1380355403763
0,0,2,0,0,0,11,"Hyde Park",-84.4183320642911,39.1458228408999
3,0,4,0,4,2,21,"Oakley",-84.4187092481194,39.1536101279571
6,2,1,2,43,7,4,"Oakley",-84.4190865779368,39.1613974013659
0,0,3,0,0,0,8,"Pleasant Ridge",-84.4198416763016,39.1769719078814
3,1,5,0,16,1,25,"Pleasant Ridge",-84.4202194448183,39.184759140966
0,0,8,0,2,4,13,"Pleasant Ridge",-84.4205973598856,39.1925463605371
0,0,1,0,0,0,0,"California",-84.411496843845,39.0641400024012
0,0,0,0,0,3,2,"California",-84.4118721810282,39.0719274541515
0,0,0,0,0,0,1,"Mount Washington",-84.4126232919134,39.0875023174626
0,0,0,0,0,0,0,"Mount Washington",-84.412999065482,39.0952897290136
0,0,0,0,0,0,0,"East End",-84.4133749844704,39.1030771268695
0,0,0,0,0,0,0,"Linwood",-84.4137510492633,39.1108645114482
19,2,4,3,18,3,10,"Linwood",-84.4141272596888,39.1186518823878
2,2,11,1,15,0,21,"Linwood",-84.4145036158514,39.1264392399899
1,0,0,1,1,0,7,"Mount Lookout",-84.4148801177386,39.134226584058
1,0,13,1,23,2,20,"Hyde Park",-84.4152567654624,39.1420139146947
1,0,2,0,0,0,4,"Hyde Park",-84.4156335592261,39.1498012317145
3,0,2,0,2,0,2,"Oakley",-84.4160104989763,39.1575885354179
3,0,2,1,35,0,8,"Madisonville",-84.4163875846688,39.1653758254934
0,7,5,0,15,4,4,"Kennedy Heights",-84.4171421945676,39.1809503654032
7,4,2,0,6,1,17,"Kennedy Heights",-84.4175197187547,39.1887376149027
0,0,1,0,0,0,4,"California",-84.4088007256746,39.0681181593623
0,0,1,0,1,0,1,"Mount Washington",-84.4095510592467,39.0836930826804
0,0,0,0,0,0,0,"Mount Washington",-84.4099264439282,39.0914805240442
0,0,0,0,0,0,0,"Mount Washington",-84.4103019743201,39.0992679522044
0,0,0,0,0,0,0,"Linwood",-84.4106776497288,39.1070553666394
1,0,2,0,3,0,0,"Linwood",-84.4110534709394,39.114842767953
8,2,1,0,37,0,7,"Linwood",-84.4114294376218,39.1226301554214
1,0,0,1,6,1,1,"Mount Lookout",-84.4118055499473,39.1304175296974
0,0,0,0,0,0,0,"Mount Lookout",-84.4121818080347,39.138204890262
0,0,4,0,3,0,0,"Hyde Park",-84.4125582118887,39.1459922375004
3,0,5,0,1,1,18,"Oakley",-84.4129347613597,39.1537795712411
13,0,2,2,15,1,3,"Madisonville",-84.4133114570853,39.1615668914218
0,2,0,0,0,1,6,"Madisonville",-84.4136882985265,39.1693541982662
0,0,2,0,29,2,11,"Kennedy Heights",-84.414065285972,39.1771414914603
2,4,4,0,20,10,27,"Kennedy Heights",-84.414442419692,39.1849287713017
1,0,0,0,6,0,10,"Kennedy Heights",-84.4148196994443,39.1927160375299
0,0,1,0,4,0,5,"Mount Washington",-84.4068541629286,39.0876712215317
0,0,0,0,0,0,0,"Linwood",-84.4079800228629,39.1110335552036
0,0,0,0,0,0,0,"Linwood",-84.4083556003531,39.1188209729221
0,0,0,0,23,1,1,"Linwood",-84.408731323156,39.1266083770941
1,0,0,0,0,0,0,"Mount Lookout",-84.409107191783,39.1343957679308
0,0,3,0,17,0,11,"Hyde Park",-84.4094832057845,39.1421831452115
2,0,4,3,10,0,13,"Hyde Park",-84.4098593655542,39.149970508916
0,0,0,0,0,1,4,"Madisonville",-84.4102356710872,39.1577578592387
0,0,2,0,22,0,9,"Madisonville",-84.4106121221897,39.1655451960794
2,4,5,0,3,0,25,"Kennedy Heights",-84.4113654623901,39.181119829334
2,6,1,0,17,0,28,"Kennedy Heights",-84.4117423516055,39.188907125709
0,0,0,0,0,0,0,"Linwood",-84.4052821038143,39.1150116924807
0,0,0,0,0,0,0,"Linwood",-84.4056574373788,39.122799126735
0,0,3,0,19,0,1,"Linwood",-84.4060329163167,39.1305865474689
0,0,0,0,0,0,0,"Mount Lookout",-84.4064085408328,39.1383739546929
2,0,1,0,1,0,10,"Hyde Park",-84.4067843108183,39.1461613486183
2,0,3,0,10,0,0,"Oakley",-84.4071602263723,39.1539487289155
0,0,3,0,8,1,3,"Madisonville",-84.4075362875828,39.161736095909
0,0,1,0,4,0,0,"Madisonville",-84.4079124945182,39.1695234492027
0,1,4,0,15,3,29,"Kennedy Heights",-84.4082888473027,39.1773107892787
2,1,5,0,7,5,30,"Kennedy Heights",-84.4086653456571,39.1850981156383
0,0,0,0,0,0,5,"Mount Washington",-84.4007106215769,39.0800523225909
0,0,0,0,0,0,2,"Mount Washington",-84.4010849855325,39.0878398405953
1,0,0,0,2,0,0,"Linwood",-84.4022089480219,39.1112023139738
0,0,0,0,0,0,0,"Linwood",-84.4025838923634,39.1189897782947
0,0,0,0,0,0,0,"Linwood",-84.4029589821299,39.1267772290743
0,0,1,0,15,1,0,"Linwood",-84.40333421707,39.1345646664073
2,0,4,1,45,1,1,"Madisonville",-84.4040851232109,39.1501395006887
7,0,2,0,91,7,1,"Madisonville",-84.4044607943351,39.1579268975695
1,0,2,0,30,0,0,"Madisonville",-84.4048366113369,39.1657142811185
0,0,0,0,2,1,5,"Kennedy Heights",-84.4052125736032,39.1735016510347
1,0,0,0,0,0,3,"Mount Washington",-84.3980133366905,39.0840302745206
1,0,0,0,7,1,9,"Mount Washington",-84.3983874570556,39.0918178089909
0,0,0,0,0,0,0,"Linwood",-84.3995106882006,39.1151803319757
0,0,0,0,2,0,0,"Linwood",-84.3998853887144,39.1229678127331
0,0,1,0,5,0,0,"Linwood",-84.4002602343699,39.1307552800531
6,1,5,0,13,2,7,"Madisonville",-84.4013856426557,39.1541176012611
10,0,5,0,45,3,0,"Madisonville",-84.4017610694803,39.1619050147052
0,0,0,0,3,0,0,"Madisonville",-84.4021366418147,39.1696924148355
0,0,0,0,0,0,3,"Kennedy Heights",-84.4025123596703,39.1774798013322
3,0,7,1,9,2,33,"Kennedy Heights",-84.402888223103,39.1852671743331
1,0,0,0,0,0,22,"Mount Washington",-84.3949420279931,39.0802206105151
0,1,1,0,1,0,0,"Mount Washington",-84.3953157600914,39.088008174957
5,1,1,0,0,0,17,"Mount Washington",-84.3956896368012,39.0957957260062
0,0,1,0,12,0,4,"Mount Washington",-84.3960636583978,39.1035832635861
0,0,0,0,0,0,0,"Linwood",-84.3971865925383,39.1269457958064
2,2,7,0,4,0,16,"Madisonville",-84.3983108322052,39.1503082069592
2,0,1,0,15,5,9,"Madisonville",-84.3986858692991,39.1580956503683
1,0,2,0,2,3,16,"Madisonville",-84.3990610515889,39.1658830803253
5,6,6,0,6,1,7,"Mount Washington",-84.3922444030773,39.0841984431267
4,1,7,0,3,2,12,"Mount Washington",-84.3926178912019,39.0919860240206
0,0,0,0,5,0,0,"Mount Washington",-84.3929915242409,39.0997735916432
8,10,4,1,14,4,20,"Madisonville",-84.3956110105129,39.1542861880407
5,3,2,0,42,2,26,"Madisonville",-84.3959858030159,39.1620736479821
4,2,1,0,4,0,12,"Mount Washington",-84.389173386237,39.0803886135291
24,5,4,0,8,1,19,"Mount Washington",-84.3895464861893,39.0881762244658
20,0,2,0,3,0,1,"Mount Washington",-84.3899197306047,39.0959638217865
7,0,2,1,12,0,12,"Mount Washington",-84.390293119457,39.1037514059026
8,4,3,0,2,3,20,"Madisonville",-84.3925364932604,39.1504766276657
8,2,4,16,3,7,27,"Madisonville",-84.3929108959467,39.1582641175492
6,4,4,0,16,8,28,"Madisonville",-84.3932854437064,39.1660515940193
0,0,1,0,0,0,3,"Mount Washington",-84.3861027094341,39.0765786863449
8,1,6,0,1,1,9,"Mount Washington",-84.3864754211665,39.0843663269924
43,8,1,3,47,4,13,"Mount Washington",-84.3868482772796,39.0921539543202
16,4,3,0,47,0,6,"Mount Washington",-84.3872212777179,39.0999415681692
0,2,0,0,1,0,3,"Mount Washington",-84.38759442261,39.1077291685652
1,10,10,1,6,1,32,"Madisonville",-84.3898363300011,39.1544544892787
2,2,4,0,28,10,34,"Madisonville",-84.3902104880623,39.1622419957159
2,3,2,0,1,1,17,"Mount Washington",-84.3834046962147,39.0805563318672
13,5,6,3,3,2,8,"Mount Washington",-84.3837771640525,39.0883439890738
51,5,3,0,3,1,19,"Mount Washington",-84.3841497761748,39.0961316327384
2,0,0,0,10,0,7,"Mount Washington",-84.3845225326822,39.1039192630892
3,1,3,0,3,1,12,"Madisonville",-84.3867621053903,39.1506447629236
4,4,1,2,17,10,58,"Madisonville",-84.3871358739244,39.1584322992441
0,0,1,0,4,0,11,"Madisonville",-84.3875097870659,39.1662198221272
7,2,1,0,0,0,11,"Mount Washington",-84.3807063910435,39.0845339259442
2,2,2,1,9,0,26,"Mount Washington",-84.3810786148688,39.0923215995263
1,0,0,0,2,0,19,"Mount Washington",-84.3814509828957,39.1001092597149
4,0,4,0,15,0,8,"Madisonville",-84.384061601111,39.1546225049307
1,0,5,0,6,5,17,"Madisonville",-84.3844351247861,39.1624100576438
2,1,2,0,0,0,10,"Mount Washington",-84.3776359581702,39.080723765401
0,0,1,0,6,0,10,"Mount Washington",-84.3780077938143,39.0885114688478
5,5,3,0,4,4,17,"Mount Washington",-84.3783797735763,39.0962991586675
3,1,0,4,5,0,15,"Madisonville",-84.3809876697012,39.1508126127727
6,1,3,2,40,1,26,"Madisonville",-84.3813608038066,39.1586001952508
2,0,2,0,2,0,5,"Mount Washington",-84.3745658652792,39.0769135071922
2,0,2,5,10,1,0,"Mount Washington",-84.3749373130079,39.0847012402701
0,0,1,0,22,0,33,"Mount Washington",-84.3753089047577,39.0924889600293
0,0,0,0,4,1,12,"Mount Washington",-84.3756806402207,39.10027666632
4,2,0,0,4,1,23,"Mount Washington",-84.3726097231998,39.0964663997302
3,1,2,1,0,0,4,"Madisonville",-84.3752131855702,39.1509801770768
